num,data
0,0.08750744423112866
1,0.6780884249626389
2,0.414363527373854
3,0.07415020611228965
