num,data
0,0.0695801466652767
1,0.4094209843604832
2,0.6036116010421635
3,0.291732765116348
4,0.36296571348829865
5,0.7619433905648271
6,0.22599512116472895
7,0.29060555146994205
8,0.19102706520030252
9,0.32194376998253804
10,0.4486615379533714
